{"cameraMode":{"drawMode":0,"name":"Shaded","section":"Shading Mode"},"sceneLighting":false,"audioPlay":false,"sceneViewState":{"showFog":true,"showMaterialUpdate":false,"showSkybox":false,"showFlares":true,"showImageEffects":true,"showParticleSystems":true},"in2DMode":false,"pivot":{"x":-0.07333087921142578,"y":0.25457051396369936,"z":-0.006993919610977173},"rotation":{"x":-0.15825524926185609,"y":0.5988741517066956,"z":-0.1222144365310669,"w":-0.7754805088043213},"size":1.0162405967712403,"orthographic":false}