{"cameraMode":{"drawMode":0,"name":"Shaded","section":"Shading Mode"},"sceneLighting":true,"audioPlay":false,"sceneViewState":{"showFog":true,"showMaterialUpdate":false,"showSkybox":true,"showFlares":true,"showImageEffects":true,"showParticleSystems":true},"in2DMode":false,"pivot":{"x":1.0455279350280762,"y":0.8251534104347229,"z":7.761585712432861},"rotation":{"x":0.0282468032091856,"y":0.9424558281898499,"z":-0.0824984684586525,"w":0.322799950838089},"size":1.6585383415222169,"orthographic":false}