{"cameraMode":{"drawMode":0,"name":"Shaded","section":"Shading Mode"},"sceneLighting":true,"audioPlay":false,"sceneViewState":{"showFog":true,"showMaterialUpdate":false,"showSkybox":true,"showFlares":true,"showImageEffects":true,"showParticleSystems":true},"in2DMode":false,"pivot":{"x":-1.1858820915222169,"y":-0.07123233377933502,"z":0.7566229701042175},"rotation":{"x":0.19479185342788697,"y":0.38267412781715395,"z":-0.08290035277605057,"w":0.8993163108825684},"size":5.320641040802002,"orthographic":false}